{
    "categories": [
      {
        "id": 0,
        "name": "person",
        "thresholds": [0.00015625, 0.0003125]
      },
      {
        "id": 1,
        "name": "license plate",
        "thresholds": [0.00015625, 0.0003125]
      }
    ]
  }